﻿Designator,Footprint,Quantity,Value,LCSC Part #
BRD1,SSD1306-0.91-OLED-4pin-128x32,1,SSD1306,
"D1, D10, D11, D12, D13, D14, D15, D16, D17, D18, D19, D2, D20, D21, D22, D23, D24, D25, D26, D27, D3, D31, D32, D33, D34, D35, D36, D37, D38, D39, D4, D40, D41, D42, D43, D46, D48, D49, D5, D50, D51, D52, D53, D54, D55, D56, D57, D58, D59, D6, D60, D61, D62, D63, D64, D65, D66, D67, D68, D69, D7, D70, D71, D72, D73, D74, D75, D76, D77, D78, D79, D8, D80, D81, D82, D83, D84, D85, D9",D_DO-35_SOD27_P7.62mm_Horizontal,79,1N4148,
"SW1, SW10, SW11, SW12, SW13, SW14, SW15, SW16, SW17, SW18, SW19, SW2, SW20, SW21, SW22, SW23, SW24, SW25, SW26, SW3, SW32, SW33, SW34, SW35, SW36, SW37, SW38, SW39, SW4, SW40, SW41, SW42, SW43, SW45, SW46, SW47, SW49, SW5, SW50, SW51, SW52, SW53, SW54, SW55, SW56, SW57, SW58, SW59, SW6, SW62, SW63, SW64, SW65, SW66, SW67, SW68, SW69, SW7, SW70, SW71, SW73, SW8, SW9",SW_Cherry_MX_1.00u_PCB,63,SW_Push,
SW27,SW_Cherry_MX_2.00u_PCB,1,SW_Push,
"SW28, SW29, SW30, SW74, SW75, SW76, SW77",SW_Cherry_MX_1.25u_PCB,7,SW_Push,
"SW31, SW44",SW_Cherry_MX_1.50u_PCB,2,SW_Push,
SW48,SW_Cherry_MX_1.75u_PCB,1,SW_Push,
"SW60, SW61",SW_Cherry_MX_2.25u_PCB,2,SW_Push,
SW72,SW_Cherry_MX_2.75u_PCB,1,SW_Push,
SW78,SW_Cherry_MX_6.25u_PCB,1,SW_Push,
SW79,RotaryEncoder_Alps_EC11E-Switch_Vertical_H20mm_CircularMountingHoles_3D,1,RotaryEncoder_Switch,
U1,RPi_Pico_SMD_TH,1,Pico,
